id,name,price,pos_code,barcode,categories
0,ORANGES NAVEL 3KG     BAG,499,9316909000029,9316909000029,51baca1dc566d724c203be60
1,MELON HONEY DEW 1/2S        EACH,250,9310246007550,9310246007550,51baca1dc566d724c203be60
2,ORANGES NAVEL 3KG      BAG,499,9311591705948,9311591705948,51baca1dc566d724c203be60
3,MANDARINES 1KG               1KG,599,9311591806959,9311591806959,51baca1dc566d724c203be60
4,MANDARINES 1.5KG,349,9313053200930,9313053200930,51baca1dc566d724c203be60
5,ORANGES VALENCIA 3KG BAG,399,9320129000004,9320129000004,51baca1dc566d724c203be60
6,MANDARINES                   1KG,599,9322222223335,9322222223335,51baca1dc566d724c203be60
7,MANDARINES                   1KG,599,9325530005242,9325530005242,51baca1dc566d724c203be60
8,MANDARINES 1KG               1KG,599,9325913001120,9325913001120,51baca1dc566d724c203be60
9,LEMONS          P/P   EACH,299,98,98,51baca1dc566d724c203be60
10,IGA POTATOES BRSHD         4KG,699,9310077295102,9310077295102,51baca21c566d724c203cbbf
11,POTATOES IGA F/F SMALL 2KG,549,9310246019218,9310246019218,51baca21c566d724c203cbbf
12,MUSHROOMS PRE PACKED    200G,399,9310246026445,9310246026445,51baca21c566d724c203cbbf
13,MUSHROOMS PRE PACKED  200G,399,9310246026483,9310246026483,51baca21c566d724c203cbbf
14,CARROTS PRE PACK   BAG     1KG,188,9310246026599,9310246026599,51baca21c566d724c203cbbf
15,TUSCAN ONIONS 1KG,199,9316951100289,9316951100289,51baca21c566d724c203cbbf
16,CORN TRAY  500G,429,9319560004023,9319560004023,51baca21c566d724c203cbbf
17,TOMATOES MINI ROMA.       250G,299,9321456000019,9321456000019,51baca21c566d724c203cbbf
18,ONIONS YUMIONS   2KG,399,9321776002021,9321776002021,51baca21c566d724c203cbbf
19,FRESH GARLIC   ..           500G,599,9327292000008,9327292000008,51baca21c566d724c203cbbf
20,IGA.POTATOES BRUSHED         4KG,699,9328079000020,9328079000020,51baca21c566d724c203cbbf
21,IGA CARROTS     P/PK  1KG,188,9310077286797,9310077286797,51baca21c566d724c203cbbf
22,PRE PACK TOMATO           1KG,499,9310077286803,9310077286803,51baca21c566d724c203cbbf
23,IGA.POTATOES BRUSHED         4KG,899,9310077286841,9310077286841,51baca21c566d724c203cbbf
24,POTATOES.WASHED - 2KG BAG    2KG,449,9310077295072,9310077295072,51baca21c566d724c203cbbf
25,POTATOES.WASHED - 2KG BAG,449,9310246005068,9310246005068,51baca21c566d724c203cbbf
26,KOOL SOUP MIX              1KG,399,9310246007413,9310246007413,51baca21c566d724c203cbbf
27,CELERY 1/2 BAG          750GM,299,9310246007451,9310246007451,51baca21c566d724c203cbbf
28,POTATOES RED IGA F/F      2KG,499,9310246019201,9310246019201,51baca21c566d724c203cbbf
29,POTATOES WASHED 2KG,339,9310246019225,9310246019225,51baca21c566d724c203cbbf
30,IGA F/F POTATOES BRUSHED    4KG,699,9310246019287,9310246019287,51baca21c566d724c203cbbf
31,TOMATOES - TRUSS PRE PACK   500G,549,9310246020139,9310246020139,51baca21c566d724c203cbbf
32,KOOL MUSHROOMS SLICED     200G,399,9312444001002,9312444001002,51baca21c566d724c203cbbf
33,KOOL MUSHROOM CUPS      200G,399,9312444001019,9312444001019,51baca21c566d724c203cbbf
34,SNOW PEA SPROUTS            100G,299,9312768002105,9312768002105,51baca21c566d724c203cbbf
35,TOMATOES BABY ROMA TRUSS 275G,399,9313053097226,9313053097226,51baca21c566d724c203cbbf
36,TOMATOES - TRUSS PRE PACK 500G,549,9313053097530,9313053097530,51baca21c566d724c203cbbf
37,FRESH GARLIC              500G,599,9313551054080,9313551054080,51baca21c566d724c203cbbf
38,ECO FARMS SNOW PEAS.,639,9316131106308,9316131106308,51baca21c566d724c203cbbf
39,POTATO DESIRE - ORGANIC 1KG,339,9316131106513,9316131106513,51baca21c566d724c203cbbf
40,SOUP VEGTABLES              TRAY,399,9317855000637,9317855000637,51baca21c566d724c203cbbf
41,POTATOES  BAG      2.5KG,499,9318085002514,9318085002514,51baca21c566d724c203cbbf
42,POTATOES.WASHED - 2KG BAG    2KG,339,9318085022208,9318085022208,51baca21c566d724c203cbbf
43,POTATOES CHAT- SA POTATO CO. 2KG,549,9318085022307,9318085022307,51baca21c566d724c203cbbf
44,POTATOES.WASHED - 2KG BAG 2KG,339,9319034200012,9319034200012,51baca21c566d724c203cbbf
45,POTATOES.WASHED - 2KG BAG    2KG,449,9319034201002,9319034201002,51baca21c566d724c203cbbf
46,ONIONS BROWN      BAG   1KG,299,9321776001000,9321776001000,51baca21c566d724c203cbbf
47,ONIONS BROWN 2KG,499,9321776002007,9321776002007,51baca21c566d724c203cbbf
48,MUSHROOMS PRE PACKED    200G,399,93220125,93220125,51baca21c566d724c203cbbf
49,MUSHROOMS SHITAKE       100G,499,9322403001271,9322403001271,51baca21c566d724c203cbbf
50,MUSHROOMS HONEY BROWN P/P  200G,399,9322974000031,9322974000031,51baca21c566d724c203cbbf
51,TOMATOES CHERRY PUNNET 250G,299,9323700000042,9323700000042,51baca21c566d724c203cbbf
52,SNOW PEA SPROUTS     100G,299,93239905,93239905,51baca21c566d724c203cbbf
53,CARROTS PRE PACK   BAG 1KG,188,9324067000010,9324067000010,51baca21c566d724c203cbbf
54,CARROTS 1.5KG BAG,179,9324067000157,9324067000157,51baca21c566d724c203cbbf
55,MUSHROOMS SHITAKE       100G,499,9324483000069,9324483000069,51baca21c566d724c203cbbf
56,POTATOES   BAG    2.5KG,499,9324596000307,9324596000307,51baca21c566d724c203cbbf
57,MUSHROOMS SHITAKE       100G,499,9325584000064,9325584000064,51baca21c566d724c203cbbf
58,POTATOES BRUSHED BAG 5KG,799,9328079000037,9328079000037,51baca21c566d724c203cbbf
59,TOMATOES - TRUSS PRE PACK 500G,549,9329294000017,9329294000017,51baca21c566d724c203cbbf
60,FRESH GARLIC   ..           500G,199,9329521000117,9329521000117,51baca21c566d724c203cbbf
61,TOMATOES MINI ROMA       250G,299,9329929000016,9329929000016,51baca21c566d724c203cbbf
62,TOMATOES CHERRY PUNNET 250G,299,9329929000030,9329929000030,51baca21c566d724c203cbbf
63,TOMATOES MINI ROMA       250G,399,9329929000047,9329929000047,51baca21c566d724c203cbbf
64,TOMATOES - TRUSS PRE PACK   500G,549,9331725000855,9331725000855,51baca21c566d724c203cbbf
65,TOMATOES - CHERRY TRUSS   250G,699,9331725000978,9331725000978,51baca21c566d724c203cbbf
66,TOMATOES CHERRY PUNNET 250G,299,9332040000001,9332040000001,51baca21c566d724c203cbbf
67,TOMATOES MINI ROMA       250G,299,9332102000024,9332102000024,51baca21c566d724c203cbbf
68,TOMATOES - ROMA PRE PACK   750G,499,9333718005045,9333718005045,51baca21c566d724c203cbbf
69,F/CHOICE WOK READY STIRFRY. 400G,449,9335128000054,9335128000054,51baca21c566d724c203cbbf
70,MUSHROOM CUPS 500G,499,9335164000254,9335164000254,51baca21c566d724c203cbbf
71,MUSHROOMS SLICED PRE PACK 500G,599,9335164000322,9335164000322,51baca21c566d724c203cbbf
72,MUSHROOMS PRE PACKED SLICED 500G,599,9335164000339,9335164000339,51baca21c566d724c203cbbf
73,TOMATOES MINI ROMA       250G,399,9335171000087,9335171000087,51baca21c566d724c203cbbf
74,G/HARVEST PARSNIPS,499,9340629000762,9340629000762,51baca21c566d724c203cbbf
75,G/HARVEST CELERY PIECES TRAY,379,9340629001042,9340629001042,51baca21c566d724c203cbbf
76,G/HARVEST POTATOES COLIBAN 800G,399,9340629001059,9340629001059,51baca21c566d724c203cbbf
77,G/HARVEST AVOCADOS 2PK,449,9340629001189,9340629001189,51baca21c566d724c203cbbf
78,TOMATOES - TRUSS PRE PACK 500G,549,9369999601805,9369999601805,51baca21c566d724c203cbbf
79,MUSHROOMS SHITAKE       100G,499,94922598882,94922598882,51baca21c566d724c203cbbf
80,POTATOES BAG. 5KG,649,9313158210056,9313158210056,51baca23c566d724c203d5fa
81,BRUSHED POTATOES IGA         2KG,499,9310077286834,9310077286834,51baca23c566d724c203d5fa
82,IGA POTATO BRSHD            2KG,499,9310077295058,9310077295058,51baca23c566d724c203d5fa
83,ECO FARMS POTATO SEBAGO  2KG,999,9316131108937,9316131108937,51baca23c566d724c203d5fa
84,POTATOES RED - 4KG,1199,9318085004013,9318085004013,51baca23c566d724c203d5fa
85,POTATOES BAG. 5KG,649,9318085005027,9318085005027,51baca23c566d724c203d5fa
86,POTATOES CHAT  1KG,349,9318085022406,9318085022406,51baca23c566d724c203d5fa
87,POTATOES CHAT 5KG BAG,599,9318085500003,9318085500003,51baca23c566d724c203d5fa
88,POTATOES BAG        5KG,649,9319034500051,9319034500051,51baca23c566d724c203d5fa
89,POTATOES BAG 5KG,649,9322203000023,9322203000023,51baca23c566d724c203d5fa
90,POTATOES BAG 5KG,649,9324596000314,9324596000314,51baca23c566d724c203d5fa
91,GOUR/GARDN GARLIC        115GM,396,9328327000130,9328327000130,51baca23c566d724c203d8e3
92,GOUR/GARDN CORIANDER.    115GM,396,9328327000161,9328327000161,51baca23c566d724c203d8e3
93,GOUR/GARDN CHILLI HOT    115GM,399,9328327000437,9328327000437,51baca23c566d724c203d8e3
94,GOUR/GARDN LEMON GRASS   115GM,399,9328327000444,9328327000444,51baca23c566d724c203d8e3
95,GOUR/GARDN CHILLI MILD   115GM,399,9328327000451,9328327000451,51baca23c566d724c203d8e3
96,GOUR/GARDN GARLIC CHUNKY 115GM,419,9328327000710,9328327000710,51baca23c566d724c203d8e3
97,GOUR/GARDN BASIL         115GM,419,9328327000772,9328327000772,51baca23c566d724c203d8e3
98,GOUR/GARDN PARSLEY       115GM,419,9328327000789,9328327000789,51baca23c566d724c203d8e3
99,GOUR/GARDN ITALIAN HERB  115GM,419,9328327000796,9328327000796,51baca23c566d724c203d8e3
100,GOUR/GARDN GINGER        115GM,419,9328327000802,9328327000802,51baca23c566d724c203d8e3
101,GOUR/GARDN CLASS ROAST    80GM,359,9328327001212,9328327001212,51baca23c566d724c203d8e3
102,HERBS GOUR THYME          80GM,411,9328327001502,9328327001502,51baca23c566d724c203d8e3
103,HERBS GOUR CHIVES         80GM,411,9328327001700,9328327001700,51baca23c566d724c203d8e3
104,HERBS GOUR OREGANO        80GM,411,9328327001731,9328327001731,51baca23c566d724c203d8e3
105,HERBS GOUR ROSEMARY       80GM,411,9328327001748,9328327001748,51baca23c566d724c203d8e3
106,FARMERS CHOICE BASIL 20G,396,9330719000208,9330719000208,51baca23c566d724c203d8e3
107,FARMERS CHOICE CHIVES 20G,396,9330719000215,9330719000215,51baca23c566d724c203d8e3
108,AVOFRESH SOFT PLAIN TUBE 160G,499,9343971000008,9343971000008,51baca23c566d724c203d8e3
109,AVOFRESH SOFTSEAS TUBE 160G,499,9343971000015,9343971000015,51baca23c566d724c203d8e3
110,AVOFRESH CHUNKY PLAIN TUB   160G,499,9343971000039,9343971000039,51baca23c566d724c203d8e3
111,AVOFRESH CHUNKY SPICY TUB 160G,499,9343971000053,9343971000053,51baca23c566d724c203d8e3
112,AVOFRESH FIRM PLAIN TUB 160G,499,9343971000060,9343971000060,51baca23c566d724c203d8e3
113,GOUR/GARDN LEMON GRASS   115GM,399,9310113607081,9310113607081,51baca23c566d724c203d8e3
114,GOUR/GARDN PARSLEY       120GM,419,9310113607128,9310113607128,51baca23c566d724c203d8e3
115,GOUR/GARDN CHILLI HOT    115GM,399,9310113607142,9310113607142,51baca23c566d724c203d8e3
116,F/FRSH ROSEMARY           20GM,299,9310246023963,9310246023963,51baca23c566d724c203d8e3
117,F/FRSH CONTINENTAL PARSLEY30GM,299,9310246025226,9310246025226,51baca23c566d724c203d8e3
118,F/FRSH BASIL              20GM,299,9310246025233,9310246025233,51baca23c566d724c203d8e3
119,F/FRSH GARLIC CHIVES      20GM,299,9310246025257,9310246025257,51baca23c566d724c203d8e3
120,F/FRSH CORIANDER          30GM,299,9310246025264,9310246025264,51baca23c566d724c203d8e3
121,F/FRSH DILL               20GM,299,9310246025271,9310246025271,51baca23c566d724c203d8e3
122,F/FRSH LEMON GRASS        20GM,299,9310246025288,9310246025288,51baca23c566d724c203d8e3
123,F/FRSH LEMON THYME        20GM,299,9310246025295,9310246025295,51baca23c566d724c203d8e3
124,F/FRSH MARJORAM           20GM,299,9310246025301,9310246025301,51baca23c566d724c203d8e3
125,F/FRSH MINT               20GM,299,9310246025318,9310246025318,51baca23c566d724c203d8e3
126,F/FRSH ROCKET             20GM,299,9310246025325,9310246025325,51baca23c566d724c203d8e3
127,F/FRSH CURLY PARSLEY      20GM,299,9310246025332,9310246025332,51baca23c566d724c203d8e3
128,F/FRSH THYME              20GM,299,9310246025356,9310246025356,51baca23c566d724c203d8e3
129,F/FRSH TARRAGON           20GM,299,9310246025363,9310246025363,51baca23c566d724c203d8e3
130,BEAN SPROUTS                EACH,299,9312553425010,9312553425010,51baca23c566d724c203d8e3
131,BEAN SPROUTS GOOD 4 U 250G,299,9313445100541,9313445100541,51baca23c566d724c203d8e3
132,FRESH CHOICE BEAN SHOOTS  250G,299,9324292103029,9324292103029,51baca23c566d724c203d8e3
133,GOUR/GARDN ITALY FLAVOR   12GM,399,9328327000031,9328327000031,51baca23c566d724c203d8e3
134,GOUR/GARDN THAI FLAVOR    12GM,399,9328327000048,9328327000048,51baca23c566d724c203d8e3
135,GOUR/GARDN GREECE FLAV    12GM,399,9328327000055,9328327000055,51baca23c566d724c203d8e3
136,GOUR/GARDN VARIETY      6X12GM,399,9328327000086,9328327000086,51baca23c566d724c203d8e3
137,GOUR/GARDN DILL          115GM,399,9328327000093,9328327000093,51baca23c566d724c203d8e3
138,GOUR/GARDN ITALIAN HERB  120GM,396,9328327000109,9328327000109,51baca23c566d724c203d8e3
139,GOUR/GARDN GARDEN CHIVES 115G,396,9328327000123,9328327000123,51baca23c566d724c203d8e3
140,GOUR/GARDN GINGER 120GM,396,9328327000147,9328327000147,51baca23c566d724c203d8e3
141,GOUR/GARDN LEMON GRASS  120GM,396,9328327000154,9328327000154,51baca23c566d724c203d8e3
142,GOUR/GARDN PARSLEY 110G,396,9328327000178,9328327000178,51baca23c566d724c203d8e3
143,GOUR/GARDN CHILLI MILD  110G,396,9328327000185,9328327000185,51baca23c566d724c203d8e3
144,GOUR/GARDN ROSEMARY  120G,396,9328327000208,9328327000208,51baca23c566d724c203d8e3
145,GOUR/GARDN OREGANO       115GM,396,9328327000222,9328327000222,51baca23c566d724c203d8e3
146,GOUR/GARDN GINGER         12GM,399,9328327000239,9328327000239,51baca23c566d724c203d8e3
147,GOUR/GARDN HOT CHILLI     12GM,413,9328327000246,9328327000246,51baca23c566d724c203d8e3
148,GOUR/GARDN BASIL          12GM,399,9328327000253,9328327000253,51baca23c566d724c203d8e3
149,GOUR/GARDN CORIANDER      12GM,399,9328327000260,9328327000260,51baca23c566d724c203d8e3
150,GOUR/GARDN GARLIC         12GM,399,9328327000277,9328327000277,51baca23c566d724c203d8e3
151,GOUR/GARDN HERBS          12GM,399,9328327000284,9328327000284,51baca23c566d724c203d8e3
152,GOUR/GARDN GARLIC/CHILLI 225GM,409,9328327000338,9328327000338,51baca23c566d724c203d8e3
153,GOUR/GARDN GARLIC/BASIL  225GM,409,9328327000345,9328327000345,51baca23c566d724c203d8e3
154,GOUR/GARDN GARLIC/CORIA  225GM,409,9328327000352,9328327000352,51baca23c566d724c203d8e3
155,GOUR/GARDN ROSEMARY      115GM,399,9328327000468,9328327000468,51baca23c566d724c203d8e3
156,GOUR/GARDN VARIETY 6 SACH 72G,399,9328327000574,9328327000574,51baca23c566d724c203d8e3
157,HERBS GOUR DILL           80GM,411,9328327001717,9328327001717,51baca23c566d724c203d8e3
158,HERBS GOUR MINT           80GM,411,9328327001724,9328327001724,51baca23c566d724c203d8e3
159,FRESH CHOICE BEAN SHOOTS 250G,299,9337686007025,9337686007025,51baca23c566d724c203d8e3
160,AVOFRESH SOFT SPICY TUBE 160G,499,9343971000022,9343971000022,51baca23c566d724c203d8e3
161,AVOFRESH CHUNKY SEAS TUB 160G,499,9343971000046,9343971000046,51baca23c566d724c203d8e3
162,BEAN SHOOTS PRE PACK        250G,299,93477000,93477000,51baca23c566d724c203d8e3
163,CHRYSANTHEMUMS POTTED,699,9319346000010,9319346000010,51baca27c566d724c203e5bd
164,LYNCH FLOWERS,999,9322725000068,9322725000068,51baca27c566d724c203e5bd
165,ARRANGEMENT SMALL STRAIGHT,1799,9322725000297,9322725000297,51baca27c566d724c203e5bd
166,ROSE POSY,1299,9322725000334,9322725000334,51baca27c566d724c203e5bd
167,FRESH FLOWERS $7.99,799,9321542000886,9321542000886,51baca27c566d724c203e5bd
168,GROUND COVER 130MM,899,9321542000893,9321542000893,51baca27c566d724c203e5bd
169,FRESH FLORAL  $13.99,1399,9321542000947,9321542000947,51baca27c566d724c203e5bd
170,ROSEBAG,899,9321542001159,9321542001159,51baca27c566d724c203e5bd
171,TIGER LILY,1199,9322725000259,9322725000259,51baca27c566d724c203e5bd
172,FLOWERS - CLASSIC BOUQUET - EACH,1999,9322725000310,9322725000310,51baca27c566d724c203e5bd
173,FRESH FLOWERS $8.99 EACH,899,9323125001075,9323125001075,51baca27c566d724c203e5bd
174,FRESH FLOWERS $9.99  EACH,999,9323125001082,9323125001082,51baca27c566d724c203e5bd
175,FRESH FLOWERS $6.99 EACH,699,9323125003048,9323125003048,51baca27c566d724c203e5bd
176,FRESH FLOWERS $7.99 EACH,799,9323125003055,9323125003055,51baca27c566d724c203e5bd
177,FRESH FLOWERS $14.99 EACH,1499,9323125003093,9323125003093,51baca27c566d724c203e5bd
178,FLOWERING SEEDLINGS SUPER 6PK,659,9323584011189,9323584011189,51baca27c566d724c203e5bd
179,PROMOTIONAL ELITE RANGE,549,9323584012629,9323584012629,51baca27c566d724c203e5bd
180,PERENNIAL ELITE&SUPER ELITE,699,9323584015606,9323584015606,51baca27c566d724c203e5bd
181,PLANTS ASSORTED EACH,1069,9323584019505,9323584019505,51baca27c566d724c203e5bd
182,METRIC PUNNETS  ..          EACH,219,9323584019536,9323584019536,51baca27c566d724c203e5bd
183,FLOWERS & VEGETABLES METRIC EACH,389,9323584019734,9323584019734,51baca27c566d724c203e5bd
184,FLOWER BASKET WITH HANDLE 6PK,799,9323584019871,9323584019871,51baca27c566d724c203e5bd
185,BABY BLOOMER 10CM EACH,249,9323584060040,9323584060040,51baca27c566d724c203e5bd
186,ASSORTED PLANTS EACH,1329,9323584061238,9323584061238,51baca27c566d724c203e5bd
187,HANGING BASKET,1799,9323584062242,9323584062242,51baca27c566d724c203e5bd
188,PLANTS-HERB POTS 14CM,729,9323584064185,9323584064185,51baca27c566d724c203e5bd
189,METRIC PUNNETS  ..          EACH,219,9323584090023,9323584090023,51baca27c566d724c203e5bd
190,SEEDLINGS        ..       PUNNET,219,9323584090443,9323584090443,51baca27c566d724c203e5bd
191,SEEDLINGS        ..       PUNNET,219,9323584091457,9323584091457,51baca27c566d724c203e5bd
192,SEEDLINGS        ..       PUNNET,219,9323584091860,9323584091860,51baca27c566d724c203e5bd
193,METRIC PUNNETS  ..          EACH,219,9323584092034,9323584092034,51baca27c566d724c203e5bd
194,PANSY/STOCKS  -  BABY BLOOMER,219,9323584099958,9323584099958,51baca27c566d724c203e5bd
195,PERRINALS 10CM EACH,269,9323584107578,9323584107578,51baca27c566d724c203e5bd
196,ELITE                        T,369,9328827000067,9328827000067,51baca27c566d724c203e5bd
197,BLOOM BOUQUET - EACH,1299,9335576000255,9335576000255,51baca27c566d724c203e5bd
198,BLOOMING THOUGHTS $13.99 EA,1399,9335576001160,9335576001160,51baca27c566d724c203e5bd
199,BLOOM BOUQUET - EACH,999,9335576051110,9335576051110,51baca27c566d724c203e5bd
200,BLOOM BOUQUET - EACH,1199,9335576052810,9335576052810,51baca27c566d724c203e5bd
201,BLOOM BOUQUET - EACH,999,9335576052919,9335576052919,51baca27c566d724c203e5bd
202,BLOOM BOUQUET - EACH,799,9335576061812,9335576061812,51baca27c566d724c203e5bd
203,BLOOM THOUGHTS FLOWERS - EACH,1299,9335576062116,9335576062116,51baca27c566d724c203e5bd
204,DAFFODILS BUNCH EACH,399,9335576062215,9335576062215,51baca27c566d724c203e5bd
205,SINGLE ROSE STEM 50CM,499,9340629001448,9340629001448,51baca27c566d724c203e5bd
206,DAFFODIL - BUNCH,599,9340629001462,9340629001462,51baca27c566d724c203e5bd
207,FRESH FLORAL $6.99,699,9340629001479,9340629001479,51baca27c566d724c203e5bd
208,FRESH FLORAL $7.49,749,9340629001493,9340629001493,51baca27c566d724c203e5bd
209,FRESH FLORAL $7.99,799,9340629001509,9340629001509,51baca27c566d724c203e5bd
210,FRESH FLORAL $8.99,899,9340629001523,9340629001523,51baca27c566d724c203e5bd
211,FRESH FLORAL $9.99,999,9340629001547,9340629001547,51baca27c566d724c203e5bd
212,FRESH FLORAL $10.99,1099,9340629001554,9340629001554,51baca27c566d724c203e5bd
213,FRESH FLORAL $11.99,1199,9340629001561,9340629001561,51baca27c566d724c203e5bd
214,FRESH FLORAL $12.99,1299,9340629001578,9340629001578,51baca27c566d724c203e5bd
215,FRESH FLORAL $13.99,1399,9340629001585,9340629001585,51baca27c566d724c203e5bd
216,FRESH FLORAL $14.99,1499,9340629001592,9340629001592,51baca27c566d724c203e5bd
217,FRESH FLORAL $15.99,1599,9340629001608,9340629001608,51baca27c566d724c203e5bd
218,FRESH FLORAL $16.99,1699,9340629001615,9340629001615,51baca27c566d724c203e5bd
219,FRESH FLORAL $17.99,1799,9340629001622,9340629001622,51baca27c566d724c203e5bd
220,FRESH FLORAL   $18.99,1899,9340629001639,9340629001639,51baca27c566d724c203e5bd
221,FRESH FLORAL $19.99,1999,9340629001646,9340629001646,51baca27c566d724c203e5bd
222,PINEAPPLE WHOLE  TOPLESS    EACH,499,9310179001991,9310179001991,51baca27c566d724c203e7c9
223,PINEAPPLE WHOLE  TOPLESS   EACH,499,9318977301008,9318977301008,51baca27c566d724c203e7c9
224,PINEAPPLE WHOLE TOPLESS   EACH,499,9319453000019,9319453000019,51baca27c566d724c203e7c9
225,KIWIFRUIT                  P/P,249,9329278001443,9329278001443,51baca27c566d724c203e7c9
226,GRAPES - WHITE.               KG,499,99,99,51baca27c566d724c203e7c9
227,RED POTATOES     5KG,649,9318085500102,9318085500102,51baca27c566d724c203e8cf
228,POTATOES BRUSHED             2KG,479,9328079000006,9328079000006,51baca27c566d724c203e8cf
229,POTATOES BRUSHED             2KG,479,9310246019140,9310246019140,51baca27c566d724c203e8cf
230,POTATOES BRUSHED             2KG,479,9329306000035,9329306000035,51baca27c566d724c203e8cf
231,SNOW PEAS    150GM,449,9318738000010,9318738000010,51baca2ac566d724c203f388
232,BORDERLAND ORGANICE GRAPES 750G,499,9344990000079,9344990000079,51baca2ac566d724c203f388
233,BORDERLAND ORGANICE GRAPES  750G,499,9344990000093,9344990000093,51baca2ac566d724c203f388
234,STRAWBERRIES PUNNET 250G,499,9320800000040,9320800000040,51baca2ac566d724c203f4d4
235,BLUEBERRIES      125G,799,9320801000452,9320801000452,51baca2ac566d724c203f4d4
236,JC SUPER TASTY CRANBERRIES 500G,699,9329000005213,9329000005213,51baca2ac566d724c203f4d4
237,B/SWEET ORG B/BRY SPRD FRT 170G,369,9313054000584,9313054000584,51baca2ac566d724c203f4d4
238,BLUEBERRIES..               PACK,499,9319026940025,9319026940025,51baca2ac566d724c203f4d4
239,BLUEBERRIES      125G,799,9319026940032,9319026940032,51baca2ac566d724c203f4d4
240,RASPBERRIES 125G,799,9319026980038,9319026980038,51baca2ac566d724c203f4d4
241,RASPBERRIES    125G,799,9320800000194,9320800000194,51baca2ac566d724c203f4d4
242,STRAWBERRIES PUNNET 250G,499,9320800000484,9320800000484,51baca2ac566d724c203f4d4
243,BLUEBERRIES 125G,799,9320800000569,9320800000569,51baca2ac566d724c203f4d4
244,BLACKBERRIES,499,9320800000668,9320800000668,51baca2ac566d724c203f4d4
245,STRAWBERRIES PUNNET 250G,499,9320802000352,9320802000352,51baca2ac566d724c203f4d4
246,STRAWBERRIES PUNNET 250G,499,9320802000444,9320802000444,51baca2ac566d724c203f4d4
247,STRAWBERRIES PUNNET 250G,499,9320804000398,9320804000398,51baca2ac566d724c203f4d4
248,STRAWBERRIES PUNNET 250G,499,9323700000103,9323700000103,51baca2ac566d724c203f4d4
249,G/HARV DRIED BLUEBERRIES 150G,699,9330529001860,9330529001860,51baca2ac566d724c203f4d4
250,G/HARV SWT DRIED RAZZ CHER 150G,699,9330529002003,9330529002003,51baca2ac566d724c203f4d4
251,G/HARV SOUR DRIED CHERRIES 150G,599,9330529002010,9330529002010,51baca2ac566d724c203f4d4
252,RASPBERRIES.   125G,799,9331645000027,9331645000027,51baca2ac566d724c203f4d4
253,CHERRIES - PRE PACKED  250G,499,9335135000030,9335135000030,51baca2ac566d724c203f4d4
254,BLACKBERRIES PUNNET,499,9339011000015,9339011000015,51baca2ac566d724c203f4d4
255,RASPBERRIES    125G,799,93541121,93541121,51baca2ac566d724c203f4d4
256,BLUEBERRIES 125G,799,9418957001208,9418957001208,51baca2ac566d724c203f4d4
257,BLUEBERRIES 125G,799,9421900997152,9421900997152,51baca2ac566d724c203f4d4
258,IGA GRANNY SMITH APPLES 1KG  BAG,399,9310246018778,9310246018778,51baca2ac566d724c203f594
259,APPLES PINK LADY 1KG  IGA,499,9310246018785,9310246018785,51baca2ac566d724c203f594
260,APPLES RED DEL    1KG,399,9310246018792,9310246018792,51baca2ac566d724c203f594
261,APPLES ROYAL GALA 1KG,399,9310246024380,9310246024380,51baca2ac566d724c203f594
262,TOFFEE APPLE 120G,199,93486453,93486453,51baca2ac566d724c203f594
263,SUNDOWNER APPLES             1KG,499,9310246022966,9310246022966,51baca2ac566d724c203f594
264,TOFFEE APPLES EACH,199,9322200001009,9322200001009,51baca2ac566d724c203f594
265,APPLES PINK LADY 1KG  IGA,399,9336190001185,9336190001185,51baca2ac566d724c203f594
266,IGA GRANNY SMITH APPLES 1KG  BAG,499,9336191000118,9336191000118,51baca2ac566d724c203f594
267,ALFALFA PRE PACK VARS    125G,199,9312769000131,9312769000131,51baca2bc566d724c203f6e0
268,BEBE BABY COS HEARTS 2PK,299,9318070001102,9318070001102,51baca2bc566d724c203f6e0
269,WASH N TOSS BABY SPINACH  100G,249,9331191000120,9331191000120,51baca2bc566d724c203f6e0
270,WASH N TOSS SALAD MIX      100G,249,9331191000137,9331191000137,51baca2bc566d724c203f6e0
271,WASH N TOSS WILD RCKT     100G,249,9331191000144,9331191000144,51baca2bc566d724c203f6e0
272,WASH N TOSS BABY COS LEAVES.100G,249,9331191000175,9331191000175,51baca2bc566d724c203f6e0
273,SUPA SALADS SUPA MIX  180G,399,9331191000359,9331191000359,51baca2bc566d724c203f6e0
274,F/CHOICE LETTUCE BLEND   170G,299,9335128000016,9335128000016,51baca2bc566d724c203f6e0
275,F/CHOICE COLESLAW          450G,369,9335128000092,9335128000092,51baca2bc566d724c203f6e0
276,F/CHOICE ITALIAN SALAD KIT  180G,469,9335128000146,9335128000146,51baca2bc566d724c203f6e0
277,F/CHOICE GREEK SALAD      270G,499,9335128000191,9335128000191,51baca2bc566d724c203f6e0
278,F/CHOICE GREEK SALAD BOWL 180G,469,9335128000207,9335128000207,51baca2bc566d724c203f6e0
279,F/CHOICE PERFECT SALAD MIX 100G,249,9335128000313,9335128000313,51baca2bc566d724c203f6e0
280,ALFALFA PRE PACK VARS    EACH,199,9312533112039,9312533112039,51baca2bc566d724c203f6e0
281,ALFALFA PRE PACK VARS    EACH,199,9312553112026,9312553112026,51baca2bc566d724c203f6e0
282,PARILLA ALFALFA SPROUTS.   125G,199,9312553215017,9312553215017,51baca2bc566d724c203f6e0
283,MUNG BEAN SPROUTS 200G,299,9312553325013,9312553325013,51baca2bc566d724c203f6e0
284,HEALTHY TRIO SPROUTS        125G,249,9312553522054,9312553522054,51baca2bc566d724c203f6e0
285,ALFALFA JUST SPROUTS SALAD 125GM,199,9312768001603,9312768001603,51baca2bc566d724c203f6e0
286,ALFALFA PRE PACK VARS    EACH,199,9312768002228,9312768002228,51baca2bc566d724c203f6e0
287,ALFALFA JUST SPROUTS ONION 125GM,199,9312768002341,9312768002341,51baca2bc566d724c203f6e0
288,ALFALFA PRE PACK VARS    EACH,199,9312769000032,9312769000032,51baca2bc566d724c203f6e0
289,COCKATOO COS LETTUCE HEARTS  2PK,369,9316395000800,9316395000800,51baca2bc566d724c203f6e0
290,PERFECT GRAPE TOM PNET P/P200G,249,9317948000605,9317948000605,51baca2bc566d724c203f6e0
291,CORRIGAN COS HEARTS,399,9323946000103,9323946000103,51baca2bc566d724c203f6e0
292,ALFALFA PRE PACK VARS    125G,199,93239813,93239813,51baca2bc566d724c203f6e0
293,ALFALFA PRE PACK VARS     EACH,199,93239820,93239820,51baca2bc566d724c203f6e0
294,ALFALFA PRE PACK VARS    EACH,199,93239837,93239837,51baca2bc566d724c203f6e0
295,ALFALFA PRE PACK VARS    EACH,199,93239844,93239844,51baca2bc566d724c203f6e0
296,ALFALFA MUNG SPROUTS  200G,199,93239851,93239851,51baca2bc566d724c203f6e0
297,ALFALFA PRE PACK VARS    EACH,199,93239868,93239868,51baca2bc566d724c203f6e0
298,ALFALFA PRE PACK VARS    EACH,199,93239882,93239882,51baca2bc566d724c203f6e0
299,WASH N TOSS SHANGHAI SALAD 100G,249,9331191000168,9331191000168,51baca2bc566d724c203f6e0
300,WOMBOK BABY EACH,399,9332341000311,9332341000311,51baca2bc566d724c203f6e0
301,F/CHOICE ROCKET BABY 100GM,399,9335128000047,9335128000047,51baca2bc566d724c203f6e0
302,F/CHOICE BABY SPINACH 160G,399,9335128000115,9335128000115,51baca2bc566d724c203f6e0
303,F/CHOICE SPINACH BOWL 180G,479,9335128000160,9335128000160,51baca2bc566d724c203f6e0
304,F/CHOICE EURO SALAD KIT  300G,449,9335128000429,9335128000429,51baca2bc566d724c203f6e0
305,F/CHOICE LETTUCE BOWL    180G,399,9335128001051,9335128001051,51baca2bc566d724c203f6e0
306,F/CHOICE CAESAR BOWL 180G,499,9335128001068,9335128001068,51baca2bc566d724c203f6e0
307,F/CHOICE COLESLAW BOWL 400G,499,9335128001075,9335128001075,51baca2bc566d724c203f6e0
308,F/CHOICE SALAD BOWL EURO 300G,449,9335128001082,9335128001082,51baca2bc566d724c203f6e0
309,GOURMET SPROUTS (3VARS)     125G,299,93476997,93476997,51baca2bc566d724c203f6e0
310,MELON ROCK 1/2'S,215,9310246007543,9310246007543,51baca52c566d724c20498d2
311,SNOW PEA SPROUTS 100G,199,9312769000087,9312769000087,51baca54c566d724c204a275
312,FARMERS CHOICE CORIANDER 30G,299,9330719000246,9330719000246,51baca54c566d724c204a275
313,FARMERS CHOICE DILL 20G,299,9330719000253,9330719000253,51baca54c566d724c204a275
314,FARMERS CHOICE LEMON GRASS 20G,299,9330719000277,9330719000277,51baca54c566d724c204a275
315,FARMERS CHOICE OREGANO 20G,299,9330719000314,9330719000314,51baca54c566d724c204a275
316,FARMERS CHOICE SAGE 20G,299,9330719000345,9330719000345,51baca54c566d724c204a275
317,FARMERS CHOICE TARAGON 20G,299,9330719000352,9330719000352,51baca54c566d724c204a275
318,FARMERS CHOICE THYME 20G,299,9330719000369,9330719000369,51baca54c566d724c204a275
319,MIXED HERBS - BASIL,299,9343158005987,9343158005987,51baca54c566d724c204a275
320,MIXED HERBS - CORIANDER R/W,299,9343158005994,9343158005994,51baca54c566d724c204a275
321,MIXED HERBS - CHIVES,299,9343158006007,9343158006007,51baca54c566d724c204a275
322,MIXED HERBS - MINT,299,9343158006021,9343158006021,51baca54c566d724c204a275
323,MIXED HERBS - THYME,299,9343158006083,9343158006083,51baca54c566d724c204a275
324,HERB - ROSEMARY,299,9343158006090,9343158006090,51baca54c566d724c204a275
325,PRE PACK HERBS BASIL 20G,199,9317052000027,9317052000027,51baca54c566d724c204a275
326,PRE PACK HERBS CHIVES 20G,199,9317052000041,9317052000041,51baca54c566d724c204a275
327,PRE PACK HERBS CORRANDER 20G,199,9317052000058,9317052000058,51baca54c566d724c204a275
328,PRE PACK HERBS MINT 20G,199,9317052000102,9317052000102,51baca54c566d724c204a275
329,PRE PACKED HERBS ROSEMARY.  EACH,199,9317052000140,9317052000140,51baca54c566d724c204a275
330,THYME ..                     20G,199,9317052000195,9317052000195,51baca54c566d724c204a275
331,SNOW PEA SPROUTS 100G,199,9324152000024,9324152000024,51baca54c566d724c204a275
332,GARLIC & CHIVE ALFALFA 125G,199,9324152000222,9324152000222,51baca54c566d724c204a275
333,FARMERS CHOICE MAJORAM 20G,299,9330719000291,9330719000291,51baca54c566d724c204a275
334,FARMERS CHOICE MINT 20G,299,9330719000307,9330719000307,51baca54c566d724c204a275
335,FARMERS CHOICE ROSEMARY 20G,299,9330719000338,9330719000338,51baca54c566d724c204a275
336,GARLIC CHINESE KG,699,9345351000004,9345351000004,51baca54c566d724c204a275
337,GRAPEFRUIT PRE PACK  P/P  EACH,499,9320129000080,9320129000080,51baca56c566d724c204aa84
338,CARROTS JUICING   -   5KG,449,9311331030651,9311331030651,51baca5bc566d724c204bb45
339,GOURMET DIPPING SCE CHOC   150G,399,9322867007468,9322867007468,51baca5bc566d724c204bb45
340,MUSHROOMS FIELD.        375G,499,93519106,93519106,51baca5bc566d724c204bb45
341,MUSHROOMS SWISS       PER KG,1699,9658,9658,51baca5bc566d724c204bb45
342,CARROTS JUICING   -   3KG,399,9310645519562,9310645519562,51baca5bc566d724c204bb45
343,PORTABELLA MUSHROOMS PUNNET.200G,369,9312444000043,9312444000043,51baca5bc566d724c204bb45
344,KOOL MUSHROOMS FIELD        375G,499,9312444001057,9312444001057,51baca5bc566d724c204bb45
345,OYSTER MUSHROOMS 150G,424,9317998000006,9317998000006,51baca5bc566d724c204bb45
346,MUSHROOMS OYSTER          PUNNET,399,9325584000033,9325584000033,51baca5bc566d724c204bb45
347,MUSHROOMS ENOKI          PUNNET,399,9325584000057,9325584000057,51baca5bc566d724c204bb45
348,MUSHROOMS OYSTER          PUNNET,399,9325882000032,9325882000032,51baca5bc566d724c204bb45
349,MUSHROOMS OYSTER       PUNNET,399,9329999008103,9329999008103,51baca5bc566d724c204bb45
350,KOOL MUSHROOMS SLICED.      200G,399,93317221,93317221,51baca5bc566d724c204bb45
351,FRESHSHOT SQUEEZE CHILLI    120G,299,9332789000164,9332789000164,51baca5bc566d724c204bb45
352,FRESHSHOT SQUEEZE BASIL   120G.,299,9332789000171,9332789000171,51baca5bc566d724c204bb45
353,FRESHSHOT SQUEEZE CORIANDE  120G,299,9332789000188,9332789000188,51baca5bc566d724c204bb45
354,FRESHSHOT SQUEEZE GARLIC    120G,299,9332789000195,9332789000195,51baca5bc566d724c204bb45
355,MUSHROOMS OYSTER          PUNNET,399,9336764000002,9336764000002,51baca5bc566d724c204bb45
356,KOOL MUSHROOMS SLICED       375G,599,93460378,93460378,51baca5bc566d724c204bb45
357,CHIQUITA MUSHROOMS SLICED 375G,599,93494700,93494700,51baca5bc566d724c204bb45
358,IGA FRESH SALAD SWT&CRUN 300GM,399,9310246018990,9310246018990,51baca69c566d724c204f765
359,IGA FRESH COLESLAW       300GM,245,9310246019003,9310246019003,51baca69c566d724c204f765
360,IGA FRESH ROCKET          80GM,329,9310246019010,9310246019010,51baca69c566d724c204f765
361,IGA FRESH BABY MESCLUN     100GM,339,9310246019027,9310246019027,51baca69c566d724c204f765
362,IGA FRESH STIR FRY IBS   400GM,459,9310246019034,9310246019034,51baca69c566d724c204f765
363,IGA FRESH BABY SPINACH    150GM,399,9310246019041,9310246019041,51baca69c566d724c204f765
364,IGA FRESH CAESAR SALAD    250GM,499,9310246019058,9310246019058,51baca69c566d724c204f765
365,IGA FRESH COLESLAW MX BWL400GM,479,9310246026360,9310246026360,51baca69c566d724c204f765
366,IGA FRESH EURO MIX BOWL  300GM,459,9310246026377,9310246026377,51baca69c566d724c204f765
367,IGA FRESH CAESAR MIX BOWL180GM,469,9310246026384,9310246026384,51baca69c566d724c204f765
368,IG FRESH LETTUCE MIX BOWL180GM,479,9310246026391,9310246026391,51baca69c566d724c204f765
369,BROCCOLINI.                EACH,399,9317948000582,9317948000582,51baca69c566d724c204f765
370,TRAFFIC LIGHT CAPSICUMS 500G,799,9318738000102,9318738000102,51baca69c566d724c204f765
371,GOUR/GARDN F/BLD THAI     80GM,359,9328327000727,9328327000727,51baca69c566d724c204f765
372,GOUR/GARDN F/BLD MOROCCAN 80GM,359,9328327000734,9328327000734,51baca69c566d724c204f765
373,GOUR/GARDN F/BLD MEDITERR 80GM,359,9328327000758,9328327000758,51baca69c566d724c204f765
374,SOUP MIX                 400GM,325,9335128000122,9335128000122,51baca69c566d724c204f765
375,IGA F/FRSH SPINACH BABY    150GM,399,9310246013780,9310246013780,51baca69c566d724c204f765
376,IGA F/FRSH COLESLAW   250GM,249,9310246013834,9310246013834,51baca69c566d724c204f765
377,CROCKET SALAD CHK CAESAR 200GM,599,9312702000532,9312702000532,51baca69c566d724c204f765
378,CROCKET SALAD BWL CAESAR 250GM,799,9312702519027,9312702519027,51baca69c566d724c204f765
379,ALFALFA PLAIN  EACH,199,93239806,93239806,51baca69c566d724c204f765
380,GOUR/GARDN F/BLD INDIAN   80GM,359,9328327000741,9328327000741,51baca69c566d724c204f765
381,AVOCADO PRE PACK F/FRESH  4PK,250,9310246027152,9310246027152,51baca7fc566d724c2055582
382,ALFALFA PRE PACK VARS       EACH,199,9312768002006,9312768002006,51bacaa0c566d724c205e40e
383,IGA FRESH V/PK ALM NAT   750GM,999,9310246006966,9310246006966,51bacc6bc566d724c20cefb7
384,IGA FRESH V/PK CASHEW R&S750GM,1499,9310246008298,9310246008298,51bacc6bc566d724c20cefb7
385,IGA FRESH V/PK CSHW R&US   750GM,1499,9310246008304,9310246008304,51bacc6bc566d724c20cefb7
386,IGA FRESH V/PK MXD NUTS   750GM,799,9310246008328,9310246008328,51bacc6bc566d724c20cefb7
387,IGA FRESH V/PK FRT&NUT MX 750GM,599,9310246008380,9310246008380,51bacc6bc566d724c20cefb7
388,IGA FRESH V/PK SOYA CRSP A 300G,499,9310246023772,9310246023772,51bacc6bc566d724c20cefb7
389,IGA FRESH V/PK BANANA CHP400GM,399,9310246023789,9310246023789,51bacc6bc566d724c20cefb7
390,IGA FRESH V/PK RICE/C IBS  345GM,399,9310246023802,9310246023802,51bacc6bc566d724c20cefb7
391,IGA FRESH MACADAMIA RAW   300GM,999,9310246031418,9310246031418,51bacc6bc566d724c20cefb7
392,IGA FRESH MACAD RST&SLTD   300GM,999,9310246031425,9310246031425,51bacc6bc566d724c20cefb7
393,IGA FRESH NUT ORCH BLND  500GM,799,9310246031449,9310246031449,51bacc6bc566d724c20cefb7
394,IGA FRESH CSHW HNY  IBS  350GM,699,9310246031968,9310246031968,51bacc6bc566d724c20cefb7
395,IGA FRESH NUTS RAW  IBS   350GM,799,9310246031975,9310246031975,51bacc6bc566d724c20cefb7
396,IGA FF M/NUTS R&S DELUXE 350GM,799,9310246031982,9310246031982,51bacc6bc566d724c20cefb7
397,IGA F/FRSH HIKERS MIX    450GM,499,9310246032002,9310246032002,51bacc6bc566d724c20cefb7
398,F/FRSH NATURAL MIX       400GM,499,9310246032019,9310246032019,51bacc6bc566d724c20cefb7
399,IGA FRESH PARA MIX       450GM,699,9310246032026,9310246032026,51bacc6bc566d724c20cefb7
400,IGA FRESH FRT & NUT      500GM,799,9310246032033,9310246032033,51bacc6bc566d724c20cefb7
401,IGA F/FRSH BAR MIX       450GM,799,9310246032057,9310246032057,51bacc6bc566d724c20cefb7
402,IGA FRESH WALNUTS        350GM,899,9310246032064,9310246032064,51bacc6bc566d724c20cefb7
403,IGA FRESH BRAZILS        400GM,799,9310246032071,9310246032071,51bacc6bc566d724c20cefb7
404,IGA FRESH PISTACHIO      400GM,999,9310246032088,9310246032088,51bacc6bc566d724c20cefb7
405,IGA FRESH ALMOND NAT     400GM,699,9310246032095,9310246032095,51bacc6bc566d724c20cefb7
406,IGA FRESH ALMOND RST     400GM,699,9310246032101,9310246032101,51bacc6bc566d724c20cefb7
407,IGA FRESH APRICOTS       400GM,699,9310246032125,9310246032125,51bacc6bc566d724c20cefb7
408,IGA FRESH ALMOND SMK     350GM,699,9310246032132,9310246032132,51bacc6bc566d724c20cefb7
409,IGA FRESH CSHW R&S        400GM,899,9310246032149,9310246032149,51bacc6bc566d724c20cefb7
410,IGA FRESH CSHW&MACA       400GM,999,9310246032163,9310246032163,51bacc6bc566d724c20cefb7
411,IGA FRESH COCKTAIL MIX,799,9310246032170,9310246032170,51bacc6bc566d724c20cefb7
412,IGA FRESH V/PK PRETZELS  300GM,399,9310246032187,9310246032187,51bacc6bc566d724c20cefb7
413,IGA FRESH V/PK PNUT R&S IB  750G,699,9310246032194,9310246032194,51bacc6bc566d724c20cefb7
414,IGA FRESH V/PK AMBROSIA   750GM,999,9310246032200,9310246032200,51bacc6bc566d724c20cefb7
415,IGA FRESH V/PK PARTY MIX  750GM,999,9310246032217,9310246032217,51bacc6bc566d724c20cefb7
416,IGA FRESH V/PK PNUT RS SHL 300G,349,9310246032224,9310246032224,51bacc6bc566d724c20cefb7
417,IGA FRESH TUB CASH O/R S/S200G,599,9310246032347,9310246032347,51bacc6bc566d724c20cefb7
418,IGA FRESH TUB MX NUT O/R 200GM,599,9310246032354,9310246032354,51bacc6bc566d724c20cefb7
419,IGA FRESH TUB ALMND O/RST 225GM,499,9310246032361,9310246032361,51bacc6bc566d724c20cefb7
420,IGA FRESH TUB PIST KERNL 150GM,799,9310246032378,9310246032378,51bacc6bc566d724c20cefb7
421,IGA FRESH TUB CASHW O/RST200GM,599,9310246032385,9310246032385,51bacc6bc566d724c20cefb7
422,IGA FRESH TUB ALMND RAW  225GM,499,9310246032392,9310246032392,51bacc6bc566d724c20cefb7
423,IGA FRESH TUB TAM ALMOND  225GM,499,9310246032439,9310246032439,51bacc6bc566d724c20cefb7
424,IGA FRESH TUB CRAN SWT/DRI200G,399,9310246032446,9310246032446,51bacc6bc566d724c20cefb7
425,IGA FRESH TUB MACA HNY RS180GM,799,9310246032477,9310246032477,51bacc6bc566d724c20cefb7
426,IGA FRESH TUB SULT YGT CTD200G,399,9310246032484,9310246032484,51bacc6bc566d724c20cefb7
427,IGA FRESH TUB NUT VITL MX175GM,399,9310246032507,9310246032507,51bacc6bc566d724c20cefb7
428,IGA FRESH TUB APR DELIT   250GM,499,9310246032514,9310246032514,51bacc6bc566d724c20cefb7
429,IGA FRESH TUB FRT&NUT MX 200GM,399,9310246032521,9310246032521,51bacc6bc566d724c20cefb7
430,IGA FRESH TUB APR&CNUT SL 200GM,499,9310246032538,9310246032538,51bacc6bc566d724c20cefb7
431,IGA FRESH TUB SMK ALMOND  200GM,499,9310246032606,9310246032606,51bacc6bc566d724c20cefb7
432,GENOA PRETEZELS 180GM,199,9315556040075,9315556040075,51bacc6bc566d724c20cefb7
433,GENOA WALNUTS 375GM,499,9315556310239,9315556310239,51bacc6bc566d724c20cefb7
434,CRANBERRIES 375G,499,9315556360043,9315556360043,51bacc6bc566d724c20cefb7
435,GENOA CASHEWS   500G,699,9315556520034,9315556520034,51bacc6bc566d724c20cefb7
436,GENOA PENUTS SALTED  500G,399,9315556520065,9315556520065,51bacc6bc566d724c20cefb7
437,GENOA DRIED APRICOTS  500G,399,9315556560030,9315556560030,51bacc6bc566d724c20cefb7
438,GENOA ALMOND KERNALS 750GM,699,9315556810005,9315556810005,51bacc6bc566d724c20cefb7
439,GENOA WASABI SNACK 300G,399,9315556810562,9315556810562,51bacc6bc566d724c20cefb7
440,GENOA THAI SNACK ATTACK 300G,399,9315556810579,9315556810579,51bacc6bc566d724c20cefb7
441,GENOA CHEESY BBQ SNACK 350G,399,9315556810593,9315556810593,51bacc6bc566d724c20cefb7
442,JC PISTACHIOS SLT A GRD  375GM,1079,9329000000232,9329000000232,51bacc6bc566d724c20cefb7
443,JC DATES PITTED          500GM,329,9329000000515,9329000000515,51bacc6bc566d724c20cefb7
444,JC'S CASHEWS HONEY ROASTED 250G,799,9329000000645,9329000000645,51bacc6bc566d724c20cefb7
445,JC MIXED NUTS UNSALTED     500GM,799,9329000001130,9329000001130,51bacc6bc566d724c20cefb7
446,JC MIXED NUTS SALTED    500GMA#,799,9329000001161,9329000001161,51bacc6bc566d724c20cefb7
447,JC PEANUTS SALTED AUST   500GM,479,9329000001529,9329000001529,51bacc6bc566d724c20cefb7
448,JC PEANUTS UNSALTED AUST  500GM,479,9329000001567,9329000001567,51bacc6bc566d724c20cefb7
449,JC CASHEWS N/GRAIN & SOY 300GM,589,9329000001642,9329000001642,51bacc6bc566d724c20cefb7
450,JC HONEY CORN       200GM,279,9329000002168,9329000002168,51bacc6bc566d724c20cefb7
451,JC TURKISH DELIGHT       250GM,599,9329000002199,9329000002199,51bacc6bc566d724c20cefb7
452,JC ALMONDS NATURAL       500GM,699,9329000002304,9329000002304,51bacc6bc566d724c20cefb7
453,JC APRICOTS TURKISH DRIED 500GM,589,9329000002465,9329000002465,51bacc6bc566d724c20cefb7
454,JC WALNUTS NAT N/SEASON  350GM,749,9329000002472,9329000002472,51bacc6bc566d724c20cefb7
455,JC BRAZIL NUTS NAT       250GM,549,9329000002700,9329000002700,51bacc6bc566d724c20cefb7
456,JC SULTANAS YOGHURT COAT 250GM,429,9329000002991,9329000002991,51bacc6bc566d724c20cefb7
457,JC'S CORN NUTS BBQ    200G,349,9329000003240,9329000003240,51bacc6bc566d724c20cefb7
458,JC PECANS NAT NEW SEASON 250GM,699,9329000003288,9329000003288,51bacc6bc566d724c20cefb7
459,JC TROPICAL SUMMER MIX   500GM,799,9329000003431,9329000003431,51bacc6bc566d724c20cefb7
460,JC DELICIOUS HEALTHY MIX 500GM,699,9329000003455,9329000003455,51bacc6bc566d724c20cefb7
461,JC BIG KIDS MIX  700GM,829,9329000003639,9329000003639,51bacc6bc566d724c20cefb7
462,JC QUALITY OUTBACK MIX   500GM,979,9329000004339,9329000004339,51bacc6bc566d724c20cefb7
463,JC DELICIOUS ENERGY MIX  500GM,999,9329000004346,9329000004346,51bacc6bc566d724c20cefb7
464,JC ALMONDS ROASTED       375GM,699,9329000004391,9329000004391,51bacc6bc566d724c20cefb7
465,JC ALMONDS SMOKED        375GM,699,9329000004407,9329000004407,51bacc6bc566d724c20cefb7
466,JC CASHEWS SALTED ECO    500GM,999,9329000004520,9329000004520,51bacc6bc566d724c20cefb7
467,JC CASHEWS UNSALTED ECO  500GM,999,9329000004537,9329000004537,51bacc6bc566d724c20cefb7
468,JC YGT COATED BERRIES 250G,449,9329000004926,9329000004926,51bacc6bc566d724c20cefb7
469,JC YGT COATED APRICOTS 250G,449,9329000004933,9329000004933,51bacc6bc566d724c20cefb7
470,JC PEANUT BRITTLE        200GM,549,9329000005053,9329000005053,51bacc6bc566d724c20cefb7
471,JC ENTERTAINMENT MIX     350GM,399,9329000005084,9329000005084,51bacc6bc566d724c20cefb7
472,JC RICE WHEELS BBQ       140GM,219,9329000005121,9329000005121,51bacc6bc566d724c20cefb7
473,JC RAINBOW MIX           500GM,669,9329000005145,9329000005145,51bacc6bc566d724c20cefb7
474,JC AUS PREM NUT MIX 450GM,999,9329000005695,9329000005695,51bacc6bc566d724c20cefb7
475,JC PEANUTS RSTED/SHELL AU300GM,449,9329000005886,9329000005886,51bacc6bc566d724c20cefb7
476,JC ROASTED  FRUIT&NUT MIX 500G,699,9329000005930,9329000005930,51bacc6bc566d724c20cefb7
477,JC BACKYARD BBQ MIX 500G,599,9329000006159,9329000006159,51bacc6bc566d724c20cefb7
478,JC PRETZEL KNOTS         250G,399,9329000006234,9329000006234,51bacc6bc566d724c20cefb7
479,JC LOW CHOLESTEROL MIX 500G,599,9329000006968,9329000006968,51bacc6bc566d724c20cefb7
480,JC NATURAL DELUXE NUT MIX 375G,799,9329000007576,9329000007576,51bacc6bc566d724c20cefb7
481,JC MACADAMIA & CASHEWS SLTD375G,999,9329000007835,9329000007835,51bacc6bc566d724c20cefb7
482,AUST RAISINS PREM TUB  200G,299,9346384000061,9346384000061,51bacc6bc566d724c20cefb7
483,IGA CASHEWS SALTED          450G,899,9310077296307,9310077296307,51bacc6bc566d724c20cefb7
484,IGA ALMOND KERNEL P/PK450GM,1099,9310246004740,9310246004740,51bacc6bc566d724c20cefb7
485,IGA FRESH V/PK PNUTS R/S   750GM,699,9310246007215,9310246007215,51bacc6bc566d724c20cefb7
486,IGA VAL/PK CASHEWS R/S  750GM,1499,9310246007222,9310246007222,51bacc6bc566d724c20cefb7
487,IGA VAL/PK MXD NUTS  750GM,899,9310246007260,9310246007260,51bacc6bc566d724c20cefb7
488,IGA MIXED NUTS           500GM,699,9310246007307,9310246007307,51bacc6bc566d724c20cefb7
489,IGA VAL/PK CASHEWS R&UNS 750GM,1499,9310246007314,9310246007314,51bacc6bc566d724c20cefb7
490,IGA FRSH 2GO M/MALLOW WHT500GM,399,9310246009721,9310246009721,51bacc6bc566d724c20cefb7
491,IGA VAL/PK PEANUTS R/S   300GM,299,9310246010109,9310246010109,51bacc6bc566d724c20cefb7
492,IGA VAL/PK MXD KRNLS RAW 750GM..,699,9310246010130,9310246010130,51bacc6bc566d724c20cefb7
493,IGA FRESH PINE NUTS      100GM,699,9310246031432,9310246031432,51bacc6bc566d724c20cefb7
494,IGA FRESH TUB CASH HNY RST180G,599,9310246032460,9310246032460,51bacc6bc566d724c20cefb7
495,IGA FRESH TUB NUT TRAIL MX225G,399,9310246032491,9310246032491,51bacc6bc566d724c20cefb7
496,PEANUTS 500G,399,9311266390301,9311266390301,51bacc6bc566d724c20cefb7
497,IGA VAL/PK PEANUTS R/S.   300GM,269,9315556010108,9315556010108,51bacc6bc566d724c20cefb7
498,IGA CASHEW CHIP V/PK 650GM,699,9315556065511,9315556065511,51bacc6bc566d724c20cefb7
499,IGA VAL/PK PARTY MIX   750GM,999,9315556075121,9315556075121,51bacc6bc566d724c20cefb7
500,IGA VAL/PK AMBROSIA MIX   750G,999,9315556075138,9315556075138,51bacc6bc566d724c20cefb7
501,F/FRSH VAL/PK SOYA CRISPS 300GM,599,9315556350051,9315556350051,51bacc6bc566d724c20cefb7
502,F/FRSH VAL/PK RICE CRACKR 345GM,399,9315556350068,9315556350068,51bacc6bc566d724c20cefb7
503,F/FRSH VAL/PK BANANA CHIP400GM,399,9315556450065,9315556450065,51bacc6bc566d724c20cefb7
504,GENOA ALMONDS  500G,699,9315556510011,9315556510011,51bacc6bc566d724c20cefb7
505,IGA F/FRSH ALM NAT     400GM,699,9315556600002,9315556600002,51bacc6bc566d724c20cefb7
506,IGA F/FRSH ALM KERN SMKD   350GM,699,9315556600026,9315556600026,51bacc6bc566d724c20cefb7
507,IGA F/FRSH GINGER AUST   400GM,799,9315556600040,9315556600040,51bacc6bc566d724c20cefb7
508,IGA F/FRSH BAR MIX       450GM,799,9315556600057,9315556600057,51bacc6bc566d724c20cefb7
509,IGA F/FRSH BRAZIL KERNEL 400GM,899,9315556600064,9315556600064,51bacc6bc566d724c20cefb7
510,IGA F/FRSH CASHEW R&S   400GM,899,9315556600071,9315556600071,51bacc6bc566d724c20cefb7
511,IGA F/FRSH CASHEW HONEY 350GM,899,9315556600095,9315556600095,51bacc6bc566d724c20cefb7
512,IGA F/FRSH COCKTAIL MIX   450GM,799,9315556600125,9315556600125,51bacc6bc566d724c20cefb7
513,IGA F/FRSH MXD NUT DEL R&S 350G,799,9315556600132,9315556600132,51bacc6bc566d724c20cefb7
514,IGA F/FRSH FRT&NUT PREM  500GM,799,9315556600149,9315556600149,51bacc6bc566d724c20cefb7
515,IGA F/FRSH PEAS WASABI 375GM,499,9315556600187,9315556600187,51bacc6bc566d724c20cefb7
516,IGA F/FRSH HIKERS MIX      450GM,499,9315556600194,9315556600194,51bacc6bc566d724c20cefb7
517,IGA F/FRSH MXD NUT DEL RAW 350G,799,9315556600217,9315556600217,51bacc6bc566d724c20cefb7
518,IGA MACADAMIA NUTS RAW 300G,1199,9315556600224,9315556600224,51bacc6bc566d724c20cefb7
519,IGA MACADAMIA NUTS RST SLT 300G,1199,9315556600231,9315556600231,51bacc6bc566d724c20cefb7
520,IGA ROYAL ORCHID BLEND 500G,499,9315556600248,9315556600248,51bacc6bc566d724c20cefb7
521,IGA F/FRSH PINE NUTS 100GM,699,9315556600286,9315556600286,51bacc6bc566d724c20cefb7
522,IGA MACADAMIA NUTS RST SLT  300G,1199,9315556600309,9315556600309,51bacc6bc566d724c20cefb7
523,IGA VAL/PK PEANUTS   500GM,399,9315556710046,9315556710046,51bacc6bc566d724c20cefb7
524,IGA VAL/PK ALMONDS       750GM,1199,9315556750547,9315556750547,51bacc6bc566d724c20cefb7
525,CASHEWS WITH PEPPER 400G,699,9315556810531,9315556810531,51bacc6bc566d724c20cefb7
526,GENOA S/V PEANUTS 375G,399,9315556810586,9315556810586,51bacc6bc566d724c20cefb7
527,GENOA SPICY SNACK 300G,399,9315556810609,9315556810609,51bacc6bc566d724c20cefb7
528,NUTOPIA CASHEWS R/S      500GM,699,9315556820011,9315556820011,51bacc6bc566d724c20cefb7
529,AUST PREMIUM SULTANAS   400G,449,9315556820318,9315556820318,51bacc6bc566d724c20cefb7
530,AUST PREMIUM SUNMUSCATS   400G,449,9315556820325,9315556820325,51bacc6bc566d724c20cefb7
531,BABY MESCLUN             120GM,399,9317346001440,9317346001440,51bacc6bc566d724c20cefb7
532,MIXED NUTS IN SHELL 500G*18,299,9324306004090,9324306004090,51bacc6bc566d724c20cefb7
533,JC BANANA CHIPS          280GM,289,9329000000294,9329000000294,51bacc6bc566d724c20cefb7
534,JC BBQ TUBES             100GM,249,9329000000324,9329000000324,51bacc6bc566d724c20cefb7
535,JC'S MACADAMIA NAT AUST    250G,729,9329000000416,9329000000416,51bacc6bc566d724c20cefb7
536,JC CASHEWS SALTED GRADE A500GM,999,9329000001482,9329000001482,51bacc6bc566d724c20cefb7
537,JC CASHEWS UNSALTED GRADE A500GM,999,9329000001499,9329000001499,51bacc6bc566d724c20cefb7
538,JC FRUIT & NUT MIX       500GM,799,9329000002311,9329000002311,51bacc6bc566d724c20cefb7
539,JC CASHEWS UNSALTED      500GM,999,9329000002328,9329000002328,51bacc6bc566d724c20cefb7
540,JC CASHEWS SALTED        500GM,999,9329000002359,9329000002359,51bacc6bc566d724c20cefb7
541,JC'S WASABI PEAS   200G,289,9329000003028,9329000003028,51bacc6bc566d724c20cefb7
542,JC APRICOT C/NUT SLICE   375GM,669,9329000003134,9329000003134,51bacc6bc566d724c20cefb7
543,JC'S SUPER TASTY CRANBERRIES250G,479,9329000003615,9329000003615,51bacc6bc566d724c20cefb7
544,JC JELLY BEANS 250G,259,9329000003790,9329000003790,51bacc6bc566d724c20cefb7
545,JC STRAWBERRIES & CREAM 250G,259,9329000003813,9329000003813,51bacc6bc566d724c20cefb7
546,JC MIXED BERRIES 250G,259,9329000003868,9329000003868,51bacc6bc566d724c20cefb7
547,JC'S JELLY BABIES   230G,249,9329000003875,9329000003875,51bacc6bc566d724c20cefb7
548,JC PISTACHIOS SLT A GRD  375GM,1079,9329000003882,9329000003882,51bacc6bc566d724c20cefb7
549,JC MACADAMIAS NAT AUST   500GM,1399,9329000003905,9329000003905,51bacc6bc566d724c20cefb7
550,JC MACADAMIAS SALTED AUST500GM,1399,9329000003912,9329000003912,51bacc6bc566d724c20cefb7
551,JC PEANUTS RAW N/B W/S   500GM,369,9329000003967,9329000003967,51bacc6bc566d724c20cefb7
552,JC SULTANAS              500GM,379,9329000004209,9329000004209,51bacc6bc566d724c20cefb7
553,JC DELUXE GRANDE MIX     500GM,749,9329000004353,9329000004353,51bacc6bc566d724c20cefb7
554,JC MACADAMIA/CSHEW SLTMX 500GM,1399,9329000004360,9329000004360,51bacc6bc566d724c20cefb7
555,JC PEANUTS RSTED/SHELL AU500GM,449,9329000004513,9329000004513,51bacc6bc566d724c20cefb7
556,JC PEPITAS (PUMPKIN SEED)500GM,549,9329000004841,9329000004841,51bacc6bc566d724c20cefb7
557,GINGER CRYSTALLISED AUST 250GM,499,9329000004865,9329000004865,51bacc6bc566d724c20cefb7
558,JC PRETZEL KNOTS         300GM,359,9329000005060,9329000005060,51bacc6bc566d724c20cefb7
559,JC RICE CRACKERS         350GM,399,9329000005077,9329000005077,51bacc6bc566d724c20cefb7
560,JC RICE WHEELS CHILLI    140GM,219,9329000005138,9329000005138,51bacc6bc566d724c20cefb7
561,JC SOUR WORMS  300G,329,9329000005527,9329000005527,51bacc6bc566d724c20cefb7
562,JC GOLDEN RAISINS JUMBO  500GM,579,9329000006289,9329000006289,51bacc6bc566d724c20cefb7
563,JC MIXED NUTS SALTED  500GM,699,9329000006296,9329000006296,51bacc6bc566d724c20cefb7
564,JC FIGS TURKISH (GARLAND) 250G,299,9329000006616,9329000006616,51bacc6bc566d724c20cefb7
565,GCN YOGURT DATES 250G,465,9339613007504,9339613007504,51bacc6bc566d724c20cefb7
566,SUMMERTIME MIX  500G,579,9339613007726,9339613007726,51bacc6bc566d724c20cefb7
567,AUSSIE FRUIT MIX 200G,439,9339613008389,9339613008389,51bacc6bc566d724c20cefb7
568,YOGHURT DELIGHT 500G,579,9339613008457,9339613008457,51bacc6bc566d724c20cefb7
569,RASPBERRY BULLETS WHITE 200G,469,9339613008501,9339613008501,51bacc6bc566d724c20cefb7
570,RASPBERRY BULLETS MILK 200G,439,9339613008518,9339613008518,51bacc6bc566d724c20cefb7
571,AUST SULTANAS PREM TUB 200G,299,9346384000054,9346384000054,51bacc6bc566d724c20cefb7
572,FISHERS FRESH ORG JCE        1LT,249,1006,1006,51baca1dc566d724c203be60
573,FISHERS FRESH ORG JCE        2LT,399,1007,1007,51baca1dc566d724c203be60
574,LIMES    EACH,99,106,106,51baca1dc566d724c203be60
575,MANDARINES...                 KG,399,108,108,51baca1dc566d724c203be60
576,FISHERS FRESH ORG JCE        1LT,249,201006000005,201006000005,51baca1dc566d724c203be60
577,FISHERS FRESH ORG JCE        2LT,399,201007000004,201007000004,51baca1dc566d724c203be60
578,MELON HONEY DEW 1/2S    EACH,250,205577000006,205577000006,51baca1dc566d724c203be60
579,NASHI FRUIT  KG,699,230,230,51baca1dc566d724c203be60
580,GRAPEFRUIT KG,499,247,247,51baca1dc566d724c203be60
581,MELON HONEY DEW 1/2S  EACH,250,3724,3724,51baca1dc566d724c203be60
582,WATERMELON WHOLE     KG,129,4031,4031,51baca1dc566d724c203be60
583,PEARS NASHI     KG,649,4408,4408,51baca1dc566d724c203be60
584,MANDARINES         KG,399,4451,4451,51baca1dc566d724c203be60
585,MANDARINES - AFOURER PER  KG,399,4481,4481,51baca1dc566d724c203be60
586,ORANGES VALENCIA           3KG,1,4583264,4583264,51baca1dc566d724c203be60
587,GRAPEFRUIT         KG,499,5254,5254,51baca1dc566d724c203be60
588,KIWI FRUIT      EACH,59,5290,5290,51baca1dc566d724c203be60
589,MANDARINES           KG,399,5388,5388,51baca1dc566d724c203be60
590,PLUMS BLOOD KG,699,5473,5473,51baca1dc566d724c203be60
591,ORANGES NAVELS   KG,299,5478,5478,51baca1dc566d724c203be60
592,ORANGES VALENCIA            KG,349,5483,5483,51baca1dc566d724c203be60
593,HICKSON MANDARINES KG,499,5510,5510,51baca1dc566d724c203be60
594,MANDARINES HONEY MURCOTT   KG,499,5512,5512,51baca1dc566d724c203be60
595,MELON HONEY DEW 1/2S     EACH,250,5577,5577,51baca1dc566d724c203be60
596,MELON MINILEE                KG,269,5580,5580,51baca1dc566d724c203be60
597,MANGOES         EACH,399,5738,5738,51baca1dc566d724c203be60
598,WATERMELON PIECES        KG,129,5889,5889,51baca1dc566d724c203be60
599,WATERMELON SEEDLESS WHOLE  KG,349,5931,5931,51baca1dc566d724c203be60
600,LEMONS        KG,499,7186,7186,51baca1dc566d724c203be60
601,MANDARINES 1KG,599,7197,7197,51baca1dc566d724c203be60
602,NECTARINES PRE PACK.     1KG,399,7206,7206,51baca1dc566d724c203be60
603,ORANGES NAVEL 3KG    BAG,499,7219,7219,51baca1dc566d724c203be60
604,ORANGES VALENCIA 3KG    BAG,399,7220,7220,51baca1dc566d724c203be60
605,READY-2-EAT IMP MANDARINES  200G,599,7499,7499,51baca1dc566d724c203be60
606,MANDARINS AFOURER           KG,1,8164223,8164223,51baca1dc566d724c203be60
607,ONIONS PICKLING.             KG,249,119,119,51baca21c566d724c203cbbf
608,CORN TRAY    EACH,429,198,198,51baca21c566d724c203cbbf
609,TOMATOES PRE PACK   1KG,499,203588000008,203588000008,51baca21c566d724c203cbbf
610,WOMBUK                KG,349,204525000006,204525000006,51baca21c566d724c203cbbf
611,TOMATOES MINI ROMA     250G,299,205095000007,205095000007,51baca21c566d724c203cbbf
612,CABBAGE RED HALF            EA,265,205133000006,205133000006,51baca21c566d724c203cbbf
613,CAULIFLOWER HALF   EA,200,205159000004,205159000004,51baca21c566d724c203cbbf
614,CELERY     EACH,299,205167000003,205167000003,51baca21c566d724c203cbbf
615,CELERY HALF              EA,150,205169000001,205169000001,51baca21c566d724c203cbbf
616,ENDIVE     EACH,299,205238000000,205238000000,51baca21c566d724c203cbbf
617,PUMPKIN JAP/KENT       KG,129,205599000008,205599000008,51baca21c566d724c203cbbf
618,TOMATOES CHERRY PUNNET    250G,299,205694000002,205694000002,51baca21c566d724c203cbbf
619,PUMPKIN BUTTERNUT        KG,499,205748000002,205748000002,51baca21c566d724c203cbbf
620,PUMPKIN GREY          KG,299,205749000001,205749000001,51baca21c566d724c203cbbf
621,CUCUMBER BURPLESS   EACH,169,207051000007,207051000007,51baca21c566d724c203cbbf
622,PUMPKIN PEELED KG,149,207257000009,207257000009,51baca21c566d724c203cbbf
623,SOUP VEGTABLES  TRAY EACH,399,207276000004,207276000004,51baca21c566d724c203cbbf
624,G/HARVEST PUMPKIN BARBARA KG,299,240546000007,240546000007,51baca21c566d724c203cbbf
625,G/HARVEST PUMPKIN B/NUT KG,399,240547000006,240547000006,51baca21c566d724c203cbbf
626,G/HARVEST PUMPKIN JAP KG,399,240548000005,240548000005,51baca21c566d724c203cbbf
627,POTATOES PEELED BAG 10KG,2200,304,304,51baca21c566d724c203cbbf
628,PUMPKIN PEELED 5KG,2300,305,305,51baca21c566d724c203cbbf
629,TOMATOES PRE PACK     1KG,499,3588,3588,51baca21c566d724c203cbbf
630,CUCUMBER GREEN          EACH,229,4062,4062,51baca21c566d724c203cbbf
631,TOMATOES             KG,499,4064,4064,51baca21c566d724c203cbbf
632,CAPSICUMS GREEN          KG,499,4065,4065,51baca21c566d724c203cbbf
633,CABBAGE WHOLE      EACH,399,4069,4069,51baca21c566d724c203cbbf
634,CORN          EACH,129,4078,4078,51baca21c566d724c203cbbf
635,CAULIFLOWER         EACH,399,4079,4079,51baca21c566d724c203cbbf
636,TOMATOE ROMA         KG,599,4087,4087,51baca21c566d724c203cbbf
637,CARROTS BUNCHED         BUNCH,249,4094,4094,51baca21c566d724c203cbbf
638,AVOCADOS      EACH,299,4225,4225,51baca21c566d724c203cbbf
639,ONIONS YUMIONS    2KG,399,4522,4522,51baca21c566d724c203cbbf
640,WOMBUK                KG,349,4525,4525,51baca21c566d724c203cbbf
641,WOMBUK  KG,349,4526,4526,51baca21c566d724c203cbbf
642,CHOY SUM GREEN              EACH,149,4527,4527,51baca21c566d724c203cbbf
643,SALAD ONIONS RED    EACH,249,4535,4535,51baca21c566d724c203cbbf
644,CABBAGE CHINESE           EACH,199,4552,4552,51baca21c566d724c203cbbf
645,CABBAGE RED.                EACH,499,4554,4554,51baca21c566d724c203cbbf
646,CABBAGE SAVOY         EACH,499,4555,4555,51baca21c566d724c203cbbf
647,LEEKS SINGLE     EACH,249,4629,4629,51baca21c566d724c203cbbf
648,PUMPKIN GOLD NUGGET.          KG,399,4767,4767,51baca21c566d724c203cbbf
649,POTATOES RED 2.5KG BAG     2.5KG,599,5059,5059,51baca21c566d724c203cbbf
650,TOMATOES MINI ROMA     250G,299,5095,5095,51baca21c566d724c203cbbf
651,CABBAGE RED 1/2'S       EACH,265,5133,5133,51baca21c566d724c203cbbf
652,CARROTS DUTCH       BUNCH,349,5150,5150,51baca21c566d724c203cbbf
653,CAULIFLOWER 1/2'S    EACH,200,5159,5159,51baca21c566d724c203cbbf
654,CELERY,299,5167,5167,51baca21c566d724c203cbbf
655,CELERY 1/2'S       EACH,150,5169,5169,51baca21c566d724c203cbbf
656,CHICORY BUNCH        BUNCH,399,5175,5175,51baca21c566d724c203cbbf
657,CUCUMBER LEBANESE    KG,499,5222,5222,51baca21c566d724c203cbbf
658,ENDIVE     EACH,299,5238,5238,51baca21c566d724c203cbbf
659,BROWN ODOURLESS ONIONS  1KG,299,5372,5372,51baca21c566d724c203cbbf
660,ONIONS ODOURLESS              KG,249,5468,5468,51baca21c566d724c203cbbf
661,SALAD ONIONS  BUNCH,269,5471,5471,51baca21c566d724c203cbbf
662,POTATOES BRUSHED      KG,299,5564,5564,51baca21c566d724c203cbbf
663,POTATOES RED       KG,349,5584,5584,51baca21c566d724c203cbbf
664,PUMPKIN WHOLE GREY .          KG,499,5598,5598,51baca21c566d724c203cbbf
665,PUMPKIN JAP/KENT     KG,129,5599,5599,51baca21c566d724c203cbbf
666,RHUBARB BUNCH.             BUNCH,499,5623,5623,51baca21c566d724c203cbbf
667,SILVERBEET LOOSE .            KG,999,5641,5641,51baca21c566d724c203cbbf
668,TOMATOES HYDRO      KG,1199,5689,5689,51baca21c566d724c203cbbf
669,TOMATOES CHERRY PUNNET    250G,299,5694,5694,51baca21c566d724c203cbbf
670,POTATOES RED        2KG,499,5724,5724,51baca21c566d724c203cbbf
671,PUMPKIN BUTTERNUT        KG,499,5748,5748,51baca21c566d724c203cbbf
672,MUSHROOMS PRE PACKED  200G,399,5888,5888,51baca21c566d724c203cbbf
673,CORN BABY PRE PACK    EACH,399,7016,7016,51baca21c566d724c203cbbf
674,CARROTS PRE PACK  BAG     1KG,188,7038,7038,51baca21c566d724c203cbbf
675,CAULIFLOWER TRAYS       500G,599,7041,7041,51baca21c566d724c203cbbf
676,CUCUMBER BURPLESS   EACH,169,7051,7051,51baca21c566d724c203cbbf
677,FRESH GARLIC            500G,599,7098,7098,51baca21c566d724c203cbbf
678,ONIONS BROWN BAG 1KG,299,7209,7209,51baca21c566d724c203cbbf
679,ONIONS BROWN 10KG,999,7211,7211,51baca21c566d724c203cbbf
680,IGA.POTATOES BRUSHED     4KG,699,7235,7235,51baca21c566d724c203cbbf
681,POTATOES BRUSHED BAG       5KG,799,7237,7237,51baca21c566d724c203cbbf
682,POTATOES RED            10KG,1299,7249,7249,51baca21c566d724c203cbbf
683,POTATOES.WASHED - 2KG BAG   2KG,339,7251,7251,51baca21c566d724c203cbbf
684,PUMPKIN PEELED KG,149,7257,7257,51baca21c566d724c203cbbf
685,SOUP VEGTABLES  TRAY,399,7276,7276,51baca21c566d724c203cbbf
686,TOMATOES VINE RIPENED    KG,699,7293,7293,51baca21c566d724c203cbbf
687,CORN BABY PRE PACK   115G,399,8853162000041,8853162000041,51baca21c566d724c203cbbf
688,TOMATOES CHERRY PUNNET 250G,299,9300633607333,9300633607333,51baca21c566d724c203cbbf
689,POTATOES WHITE        KG,299,5576,5576,51baca21c566d724c203cbbf
690,PUMPKIN GREY          KG,299,5749,5749,51baca21c566d724c203cbbf
691,CAPSICUMS YELLOW     KG,899,4680,4680,51baca21c566d724c203cbbf
692,POTATOES CHAT LOOSE           KG,349,127,127,51baca23c566d724c203d5fa
693,POTATOES BAG        5KG,649,262,262,51baca23c566d724c203d5fa
694,POTATOES RED              10KG,1,3501047,3501047,51baca23c566d724c203d5fa
695,GARLIC                   500GM,1,3533062,3533062,51baca23c566d724c203d5fa
696,POTATOES KIPPFLER           KG,1,4180913,4180913,51baca23c566d724c203d5fa
697,POTATOES BRUSHED           4KG,1,4957003,4957003,51baca23c566d724c203d5fa
698,POTATOES SWEET        KG,349,5680,5680,51baca23c566d724c203d5fa
699,PEARS GREEN         KG,299,130,130,51baca23c566d724c203d8e3
700,BEAN SPROUTS                EACH,299,280,280,51baca23c566d724c203d8e3
701,PEARS BROWN                  KG,349,4413,4413,51baca23c566d724c203d8e3
702,FRESH FLORAL $24.99,2499,1402,1402,51baca27c566d724c203e5bd
703,PLANT                     SINGLE,999,3174,3174,51baca27c566d724c203e5bd
704,IGA TREE PROMOTION   EACH,199,3180,3180,51baca27c566d724c203e5bd
705,PLANTS $6.99  EACH,699,3189,3189,51baca27c566d724c203e5bd
706,FRESH FLORAL $40.00,4000,5143,5143,51baca27c566d724c203e5bd
707,FRESH FLORAL $6.99,699,5200,5200,51baca27c566d724c203e5bd
708,FRESH FLORAL $7.99,799,5201,5201,51baca27c566d724c203e5bd
709,FRESH FLORAL $8.49,849,5202,5202,51baca27c566d724c203e5bd
710,FRESH FLORAL $8.99,899,5203,5203,51baca27c566d724c203e5bd
711,FRESH FLORAL $25.99,2599,5291,5291,51baca27c566d724c203e5bd
712,XMAS TREES LIVE           EACH,5999,5383,5383,51baca27c566d724c203e5bd
713,FRESH FLORAL $0.50,50,5567,5567,51baca27c566d724c203e5bd
714,DAFFODILS BUNCH  EACH,399,6579,6579,51baca27c566d724c203e5bd
715,FRESH FLORAL $0.99,99,7055,7055,51baca27c566d724c203e5bd
716,FRESH FLORAL $1.49,149,7056,7056,51baca27c566d724c203e5bd
717,FRESH FLORAL $1.99,199,7057,7057,51baca27c566d724c203e5bd
718,FRESH FLORAL $10.49,1049,7058,7058,51baca27c566d724c203e5bd
719,FRESH FLORAL $10.99,1099,7059,7059,51baca27c566d724c203e5bd
720,FRESH FLORAL $11.99,1199,7061,7061,51baca27c566d724c203e5bd
721,FRESH FLORAL $14.99,1499,7064,7064,51baca27c566d724c203e5bd
722,FRESH FLORAL $13.99,1399,7065,7065,51baca27c566d724c203e5bd
723,FRESH FLORAL   $14.99,1499,7067,7067,51baca27c566d724c203e5bd
724,FRESH FLORAL $15.99,1599,7069,7069,51baca27c566d724c203e5bd
725,FRESH FLORAL $16.99,1699,7071,7071,51baca27c566d724c203e5bd
726,FRESH FLORAL $17.99,1799,7073,7073,51baca27c566d724c203e5bd
727,FRESH FLORAL $18.99,1899,7075,7075,51baca27c566d724c203e5bd
728,FRESH FLORAL $19.99,1999,7077,7077,51baca27c566d724c203e5bd
729,FRESH FLORAL    $2.99,299,7079,7079,51baca27c566d724c203e5bd
730,FRESH FLORAL $3.99,399,7081,7081,51baca27c566d724c203e5bd
731,FRESH FLORAL $4.49,449,7082,7082,51baca27c566d724c203e5bd
732,FRESH FLORAL $4.99,499,7083,7083,51baca27c566d724c203e5bd
733,FRESH FLORAL $5.49,549,7084,7084,51baca27c566d724c203e5bd
734,FRESH FLORAL     $5.99,599,7085,7085,51baca27c566d724c203e5bd
735,FRESH FLORAL  $6.49,649,7086,7086,51baca27c566d724c203e5bd
736,FRESH FLORAL $7.49,749,7088,7088,51baca27c566d724c203e5bd
737,FRESH FLORAL $7.99,799,7089,7089,51baca27c566d724c203e5bd
738,FRESH FLORAL  $9.99,999,7093,7093,51baca27c566d724c203e5bd
739,PAW PAW     KG,599,144,144,51baca27c566d724c203e7c9
740,PINEAPPLE 1/2,225,205743000007,205743000007,51baca27c566d724c203e7c9
741,WATERMELON SEEDLESS KG,129,205930000001,205930000001,51baca27c566d724c203e7c9
742,WATERMELON SEEDLESS     KG,129,303,303,51baca27c566d724c203e7c9
743,PAW PAW                       KG,599,3741,3741,51baca27c566d724c203e7c9
744,WATERMELON SEEDLESS   KG,129,4032,4032,51baca27c566d724c203e7c9
745,RHUBARB LOOSE                 KG,598,4745,4745,51baca27c566d724c203e7c9
746,GRAPES - WHITE            KG,499,5281,5281,51baca27c566d724c203e7c9
747,PEARS CORRELLA   KG,599,5503,5503,51baca27c566d724c203e7c9
748,PINEAPPLE   1/2,225,5743,5743,51baca27c566d724c203e7c9
749,WATERMELON SEEDLESS KG,129,5930,5930,51baca27c566d724c203e7c9
750,KIWIFRUIT                  P/P,249,6117382,6117382,51baca27c566d724c203e7c9
751,BANANAS         KG,299,7017,7017,51baca27c566d724c203e7c9
752,PAW PAW 1/2S,399,7221,7221,51baca27c566d724c203e7c9
753,RED POTATOES           5KG,649,146,146,51baca27c566d724c203e8cf
754,PUMPKIN PEELED             P/P,1,6144432,6144432,51baca27c566d724c203e8cf
755,ZUCCHINI     KG,499,164,164,51baca2ac566d724c203f388
756,SILVERBEET        BUNCH,399,200276000005,200276000005,51baca2ac566d724c203f388
757,SPINACH.               BUNCH,399,204090000005,204090000005,51baca2ac566d724c203f388
758,CABBAGE RED 1/4             1/4S,145,205469000008,205469000008,51baca2ac566d724c203f388
759,SILVERBEET        BUNCH,399,276,276,51baca2ac566d724c203f388
760,BOKCHOY.             EACH,199,3197,3197,51baca2ac566d724c203f388
761,BROCCOLI          KG,399,4060,4060,51baca2ac566d724c203f388
762,RADDISH.                   BUNCH,199,4089,4089,51baca2ac566d724c203f388
763,SPINACH.               BUNCH,399,4090,4090,51baca2ac566d724c203f388
764,SHANGHAI BOK CHOY   EACH,199,4530,4530,51baca2ac566d724c203f388
765,PARSLEY      BUNCH,125,4899,4899,51baca2ac566d724c203f388
766,PARSLEY CONTINENTAL         EACH,199,4901,4901,51baca2ac566d724c203f388
767,BROAD BEANS               KG,599,5097,5097,51baca2ac566d724c203f388
768,BEANS          KG,1199,5101,5101,51baca2ac566d724c203f388
769,CELERY STICKS .               KG,699,5173,5173,51baca2ac566d724c203f388
770,CHILLIES MEXICAN             KG,1699,5186,5186,51baca2ac566d724c203f388
771,CHOKOES     KG,199,5196,5196,51baca2ac566d724c203f388
772,CABBAGE RED 1/4             1/4S,145,5469,5469,51baca2ac566d724c203f388
773,ENDIVE BABY LEAVES       KG,1999,5477,5477,51baca2ac566d724c203f388
774,ROCKET.                       KG,1699,5625,5625,51baca2ac566d724c203f388
775,ASPARAGUS                  KG,1499,58,58,51baca2ac566d724c203f388
776,LOOSE SPINACH.                KG,1699,5813,5813,51baca2ac566d724c203f388
777,BEAN SPROUTS       KG,299,62,62,51baca2ac566d724c203f388
778,BEANS FLAT      KG,999,6282,6282,51baca2ac566d724c203f388
779,BRUSSEL SPROUTS      KG,799,67,67,51baca2ac566d724c203f388
780,SNOW PEA TRAY,449,7272,7272,51baca2ac566d724c203f388
781,BOKCHOY EACH,199,9300601040858,9300601040858,51baca2ac566d724c203f388
782,SHANGHAI BOK CHOY           EACH,139,9300601040971,9300601040971,51baca2ac566d724c203f388
783,BLUEBERRIES   125G,799,169,169,51baca2ac566d724c203f4d4
784,CHERRIES                   KG,1699,204045000005,204045000005,51baca2ac566d724c203f4d4
785,STRAWBERRIES.                 KG,399,205672000000,205672000000,51baca2ac566d724c203f4d4
786,STRAWBERRIES PUNNET   250G,499,205673000009,205673000009,51baca2ac566d724c203f4d4
787,MULBERRIES                  PACK,599,233,233,51baca2ac566d724c203f4d4
788,RASPBERRIES    125G,799,289,289,51baca2ac566d724c203f4d4
789,CHERRIES        KG,1999,4045,4045,51baca2ac566d724c203f4d4
790,STRAWBERRIES PUNNET   250G,499,5673,5673,51baca2ac566d724c203f4d4
791,BLACKBERRIES,499,5871,5871,51baca2ac566d724c203f4d4
792,GRAPES - RED           KG,399,5276,5276,51baca2ac566d724c203f4d4
793,APPLES RED DEL BAG 2KG,499,174,174,51baca2ac566d724c203f594
794,PEARS 2KG,399,204039000004,204039000004,51baca2ac566d724c203f594
795,PEARS                        2KG,399,256,256,51baca2ac566d724c203f594
796,APPLES JAZZ      KG,599,3293,3293,51baca2ac566d724c203f594
797,APPLES RED DELICIOUS         KG,399,4016,4016,51baca2ac566d724c203f594
798,APPLES GRANNY SMITH          KG,399,4017,4017,51baca2ac566d724c203f594
799,PEARS 2KG,399,4039,4039,51baca2ac566d724c203f594
800,APPLES GALA MEDUIM     2KG,599,4133,4133,51baca2ac566d724c203f594
801,JONAGOLD APPLES               KG,399,4145,4145,51baca2ac566d724c203f594
802,APPLES JONATHON KG,399,4151,4151,51baca2ac566d724c203f594
803,APPLES ROYAL GALA KG,499,4174,4174,51baca2ac566d724c203f594
804,APPLES PINK LADY KG,499,5030,5030,51baca2ac566d724c203f594
805,APPLES PINK LADY         2KG,449,5031,5031,51baca2ac566d724c203f594
806,APPLES CUSTARD EACH,999,5226,5226,51baca2ac566d724c203f594
807,TOFFEE APPLES  EACH,199,6265,6265,51baca2ac566d724c203f594
808,APPLES GOLDEN DEL BAG  2KG,499,7000,7000,51baca2ac566d724c203f594
809,APPLES GRANNY SMITH BAG 2KG,499,7002,7002,51baca2ac566d724c203f594
810,APPLES JONATHON BAG    2KG,499,7006,7006,51baca2ac566d724c203f594
811,APPLES RED DEL BAG  2KG,499,7011,7011,51baca2ac566d724c203f594
812,APPLES SUNDOWNER    KG,399,5043,5043,51baca2ac566d724c203f594
813,APPLES PINK LADY    KG,499,5029,5029,51baca2ac566d724c203f594
814,ALFALFA PRE PACK VARS    EACH,199,176,176,51baca2bc566d724c203f6e0
815,LETTUCE HYDRO VARIETIES  EACH,269,212,212,51baca2bc566d724c203f6e0
816,ONION SPRING      EACH,199,275,275,51baca2bc566d724c203f6e0
817,CUCUMBER LEBANESE           EACH,799,293,293,51baca2bc566d724c203f6e0
818,LETTUCE        EACH,249,4061,4061,51baca2bc566d724c203f6e0
819,ONIONS RED                  KG,249,4082,4082,51baca2bc566d724c203f6e0
820,SPROUTS RADISH PUNNET       EA,1,4358732,4358732,51baca2bc566d724c203f6e0
821,LETTUCE COS LEAVES LOOSE     R/W,1699,4789,4789,51baca2bc566d724c203f6e0
822,SPROUTS MUNG BEANS PUNNET   EA,1,4839231,4839231,51baca2bc566d724c203f6e0
823,SPROUTS SNOW PEAS PUNNET    EA,1,4857716,4857716,51baca2bc566d724c203f6e0
824,SPROUTS TRI MUNG         130GM,1,4876502,4876502,51baca2bc566d724c203f6e0
825,CHILLI GREEN           KG,1699,5181,5181,51baca2bc566d724c203f6e0
826,CUCUMBER APPLE            EACH,229,5216,5216,51baca2bc566d724c203f6e0
827,ONIONS BROWN       KG,199,5845,5845,51baca2bc566d724c203f6e0
828,SPROUTS SALAD MIX        100GM,1,6166311,6166311,51baca2bc566d724c203f6e0
829,SPROUTS MIXED PUNNET        EA,1,6650629,6650629,51baca2bc566d724c203f6e0
830,SPROUTS TRI COMBO        130GM,1,6652821,6652821,51baca2bc566d724c203f6e0
831,ONION SALAD  EACH,149,7214,7214,51baca2bc566d724c203f6e0
832,SALAD MIX           KG,1699,7269,7269,51baca2bc566d724c203f6e0
833,LETTUCE COS          EACH,279,5314,5314,51baca2bc566d724c203f6e0
834,ONIONS WHITE          KG,499,4663,4663,51baca2bc566d724c203f6e0
835,CABBAGE DRUM/PLN/GREEN HALF EA,200,205131000008,205131000008,51baca52c566d724c2049763
836,CABBAGE SAVOY HALF           EA,265,205135000004,205135000004,51baca52c566d724c2049763
837,CABBAGE CHINESE HALF,129,205343000001,205343000001,51baca52c566d724c2049763
838,CABBAGE GREEN              QTR,100,207031000003,207031000003,51baca52c566d724c2049763
839,CABBAGE SAVOY               QTR,140,207032000002,207032000002,51baca52c566d724c2049763
840,CABBAGE 1/2'S         EACH,200,5131,5131,51baca52c566d724c2049763
841,CABBAGE SAVOY 1/2'S        EACH,265,5135,5135,51baca52c566d724c2049763
842,CABBAGE 1/4'S    EACH,100,7031,7031,51baca52c566d724c2049763
843,CABBAGE SAVOY         1/4S,140,7032,7032,51baca52c566d724c2049763
844,MELON ROCK        1/2'S,215,205436000000,205436000000,51baca52c566d724c20498d2
845,MELON HONEY DEW     EACH,499,4034,4034,51baca52c566d724c20498d2
846,MELON ROCK      EACH,399,4049,4049,51baca52c566d724c20498d2
847,MELON ROCK        1/2'S,215,5436,5436,51baca52c566d724c20498d2
848,MIXED HERBS   PACK,299,207182000006,207182000006,51baca54c566d724c204a275
849,FENNEL. EACH,199,4515,4515,51baca54c566d724c204a275
850,GINGER           KG,2499,4612,4612,51baca54c566d724c204a275
851,GARLIC                     KG,1499,5243,5243,51baca54c566d724c204a275
852,LIME LEAVES - KAFIR PUNNET,349,5369,5369,51baca54c566d724c204a275
853,MIXED HERBS   PACK,299,7182,7182,51baca54c566d724c204a275
854,FRUIT PACKS                 PACK,399,208,208,51baca56c566d724c204aa84
855,PAW PAW                     EACH,899,288,288,51baca56c566d724c204aa84
856,PASSION FRUIT   EACH,99,4397,4397,51baca56c566d724c204aa84
857,PINEAPPLES   EACH,449,4430,4430,51baca56c566d724c204aa84
858,PERSIMMON    EACH,299,5904,5904,51baca56c566d724c204aa84
859,GRAPEFRUIT PRE PACK EACH,499,7101,7101,51baca56c566d724c204aa84
860,PEACHES PRE PACK..           1KG,399,7222,7222,51baca56c566d724c204aa84
861,MELON PERSIA WHOLE EACH,229,7497,7497,51baca56c566d724c204aa84
862,MELON PERSIA HALF EACH,115,7498,7498,51baca56c566d724c204aa84
863,ANISEED                       KG,169,224,224,51baca5bc566d724c204bb45
864,PERSIMMONS                    KG,179,257,257,51baca5bc566d724c204bb45
865,EGG PLANT               KG,649,4081,4081,51baca5bc566d724c204bb45
866,CAPSICUMS RED        KG,899,4088,4088,51baca5bc566d724c204bb45
867,PEAS SNOW        KG,1299,4092,4092,51baca5bc566d724c204bb45
868,BEETROOT     KG,499,4540,4540,51baca5bc566d724c204bb45
869,CARROTS          KG,199,4562,4562,51baca5bc566d724c204bb45
870,EGG PLANT LEBANESE          KG,999,4599,4599,51baca5bc566d724c204bb45
871,MUSHROOMS      KG,1199,4645,4645,51baca5bc566d724c204bb45
872,PARSNIPS          KG,899,4672,4672,51baca5bc566d724c204bb45
873,PEAS     KG,999,4674,4674,51baca5bc566d724c204bb45
874,TURNIPS                     KG,499,4812,4812,51baca5bc566d724c204bb45
875,BEANS BUTTER       KG,1099,5098,5098,51baca5bc566d724c204bb45
876,CHILLI RED      KG,1699,5187,5187,51baca5bc566d724c204bb45
877,SWEET CHILLI         KG,899,5188,5188,51baca5bc566d724c204bb45
878,MUSHROOMS ENOKI     PUNNET,399,5453,5453,51baca5bc566d724c204bb45
879,SQUASH GOLD     KG,999,5658,5658,51baca5bc566d724c204bb45
880,SWEDES               KG,399,5677,5677,51baca5bc566d724c204bb45
881,MUSHROOMS SWISS BROWN  P/P  200G,399,9300166290255,9300166290255,51baca5bc566d724c204bb45
882,TRAFFIC LIGHT CAPSICUMS 500G,799,3265,3265,51baca69c566d724c204f765
883,ARTICHOKE GLOBE         EACH,299,4084,4084,51baca69c566d724c204f765
884,BROCCOLINI.                EACH,399,4536,4536,51baca69c566d724c204f765
885,VEGTABLES PACKS             EACH,499,5731,5731,51baca69c566d724c204f765
886,ASPARAGUS BUNCH    EACH,299,5054,5054,51baca69c566d724c204f765
887,PEACHES RED     KG,499,4038,4038,51baca7fc566d724c2055582
888,COCONUTS               EACH,299,4260,4260,51baca7fc566d724c2055582
889,DATES.                        KG,2299,4862,4862,51baca7fc566d724c2055582
890,APRICOTS   KG,1099,5049,5049,51baca7fc566d724c2055582
891,PEACHES WHITE   KG,399,5527,5527,51baca7fc566d724c2055582
892,NECTARINES YELLOW       KG,499,5528,5528,51baca7fc566d724c2055582
893,PLUMS                   KG,399,5543,5543,51baca7fc566d724c2055582
894,CHESTNUT FRESH            PER KG,799,6299,6299,51baca7fc566d724c2055582
895,AVOCADO PRE PACK.    P/PACK,250,7014,7014,51baca7fc566d724c2055582
896,NECTARINES WHITE    KG,499,5794,5794,51baca7fc566d724c2055582
897,FRESH GARLIC   ..           500G,199,4938497200121,4938497200121,51bacaa0c566d724c205e40e
